<?xml version="1.0"?>

<model-hints>
	<model name="AAACustomerServices.model.Customer">
		<field name="uuid" type="String" />
		<field name="customerId" type="long" />
		<field name="name" type="String" />
		<field name="email" type="String" />
		<field name="address" type="String" />
		<field name="national_Id" type="String" />
		<field name="contact" type="String" />
		<field name="start_date" type="Date" />
		<field name="serviceId" type="long" />
		<field name="groupId" type="long" />
		<field name="companyId" type="long" />
		<field name="userId" type="long" />
		<field name="userName" type="String" />
		<field name="createDate" type="Date" />
		<field name="modifiedDate" type="Date" />
	</model>
	<model name="AAACustomerServices.model.Services">
		<field name="uuid" type="String" />
		<field name="serviceId" type="long" />
		<field name="serviceName" type="String" />
		<field name="serviceDescription" type="String" />
		<field name="servicePrice" type="String" />
		<field name="groupId" type="long" />
		<field name="companyId" type="long" />
		<field name="userId" type="long" />
		<field name="userName" type="String" />
		<field name="createDate" type="Date" />
		<field name="modifiedDate" type="Date" />
	</model>
</model-hints>